{
  "config": {
    "seed": 42,
    "device": "cuda:0",
    "model": "gpt2-medium",
    "n_layers": 24,
    "d_model": 1024,
    "n_facts": 200,
    "gpu": "NVIDIA RTX A6000"
  },
  "logit_lens": {
    "mean_prob_per_layer": [
      0.00016039575148800136,
      0.00019079986067949936,
      0.00015530379475371922,
      0.00013497417380296437,
      0.0001749473256565559,
      0.000247417677596968,
      0.00021275050241621813,
      0.00028815252906630933,
      0.00047628665615982876,
      0.0012806863595493927,
      0.0018838471927409217,
      0.0009901762627945777,
      0.0008920643415309666,
      0.0006614325142690812,
      0.001093826972636458,
      0.003102080944820832,
      0.00864635066035843,
      0.015930890675313548,
      0.01302869889847768,
      0.012806958566320404,
      0.018164765005876004,
      0.02504935068937762,
      0.015564305776635002,
      0.008771682485517197
    ],
    "mean_logprob_per_layer": [
      -10.328119945526122,
      -10.895701501369476,
      -10.867605686187744,
      -10.93239113330841,
      -10.520002164840697,
      -9.976285588741302,
      -9.937227640151978,
      -9.81706891298294,
      -9.830102213621139,
      -9.748362896442414,
      -9.72592264711857,
      -9.637837356328964,
      -9.63635253071785,
      -9.640916481018067,
      -9.580624231100082,
      -9.454773977994918,
      -9.357422514073551,
      -9.484588213264942,
      -9.777319101244212,
      -10.285780199095607,
      -11.104137070123107,
      -12.104697405574843,
      -13.316245254576206,
      -15.54348755300045
    ],
    "mean_rank_per_layer": [
      8340.385,
      8165.57,
      9140.865,
      9359.02,
      8289.02,
      6649.46,
      6356.685,
      5827.15,
      5967.61,
      5653.505,
      5502.86,
      5062.125,
      4931.125,
      4932.85,
      4781.635,
      4492.17,
      4421.3,
      4756.435,
      5059.975,
      5972.91,
      7341.015,
      9046.1,
      10963.74,
      12585.07
    ],
    "median_rank_per_layer": [
      5692.0,
      6628.0,
      6717.0,
      6180.5,
      5310.5,
      3405.5,
      3054.5,
      2542.0,
      2509.0,
      2200.0,
      1992.0,
      1604.5,
      1697.5,
      1671.5,
      1613.5,
      1456.0,
      1481.0,
      1924.5,
      2475.5,
      3952.5,
      6094.5,
      8457.5,
      11139.0,
      13064.0
    ],
    "mean_mlp_contrib": [
      2.7493422220647337,
      0.993547710031271,
      -0.8168800303339958,
      -0.14518692895770072,
      0.7467975521460175,
      1.4619896551966667,
      0.951919813156128,
      1.3009281050786377,
      0.3431060714647174,
      1.5486229023337363,
      0.25466302640736105,
      3.3354818968474866,
      0.7677362900227308,
      0.6376690442860127,
      1.7932579620927571,
      1.815700721219182,
      1.5891228213906288,
      1.9675114700943233,
      2.749370021447539,
      0.8081826363503933,
      1.845015323460102,
      1.3173502150550485,
      0.6027434578537941,
      -2.4940077121555806
    ],
    "mean_attn_contrib": [
      10.2267793405056,
      4.1198502377420665,
      1.183199177980423,
      2.512038995474577,
      2.883790908306837,
      4.590199989974499,
      4.623890023231507,
      8.877249841839076,
      4.032873366847634,
      3.2207815545797347,
      4.336518242657185,
      3.5572340811043976,
      4.6787484930455685,
      6.139423264563083,
      3.869996565505862,
      9.013058725893497,
      8.755468909442424,
      5.981354942023754,
      3.6644359607994557,
      10.512038959264755,
      6.630568981468677,
      5.344327321946621,
      2.65407455176115,
      0.8530263953283429
    ],
    "enrichment": [
      3.040410919149801e-05,
      -3.549606592578015e-05,
      -2.0329620950754846e-05,
      3.997315185359153e-05,
      7.24703519404121e-05,
      -3.466717518074987e-05,
      7.54020266500912e-05,
      0.00018813412709351942,
      0.000804399703389564,
      0.000603160833191529,
      -0.0008936709299463439,
      -9.811192126361109e-05,
      -0.00023063182726188543,
      0.0004323944583673767,
      0.002008253972184374,
      0.005544269715537598,
      0.007284540014955118,
      -0.0029021917768358683,
      -0.00022174033215727543,
      0.0053578064395556,
      0.006884585683501615,
      -0.009485044912742617,
      -0.006792623291117805
    ],
    "top_enrichment_layers": [
      17,
      21,
      16
    ]
  },
  "ablation": {
    "baseline_mean_prob": 0.008771682485517247,
    "mlp_impact": [
      0.008726654270575134,
      -0.0005502878788083091,
      -0.0002398394063499714,
      0.0031396472633454164,
      0.0021149560021981673,
      0.0021508986872601325,
      0.0036283969141134645,
      0.0026276881670429892,
      0.00273260098732472,
      0.0007202587853295857,
      0.0002463048630164059,
      -0.00015738108386267012,
      0.0005240914452144495,
      0.0007465182179548901,
      0.0029988934362125555,
      -0.0001180720875938162,
      0.001835414116910193,
      0.0011896190999824757,
      0.0030036941987242605,
      0.00038885429047911223,
      0.0008811116795602869,
      0.0006772589814049417,
      -0.0030294114735218876,
      -0.005302557386426918
    ],
    "attn_impact": [
      -0.00042729558498465214,
      -6.926680342325686e-05,
      0.0020259355420300922,
      0.0005952229337286234,
      0.0013196746413714029,
      0.0009369341692476562,
      -0.0009154356334355532,
      0.0025635022080180113,
      0.0016666578525261272,
      0.0018917545539796675,
      0.0006182285959845744,
      0.0003908976034509692,
      0.00055317609826213,
      0.00013737685996995964,
      0.00019015915232420758,
      0.0002876299796718499,
      0.0011125206884004379,
      0.00024770872018123856,
      0.0003545545911686869,
      -0.00010217697071114411,
      -0.0002424621801038456,
      0.0024051615604252334,
      0.0005938523217181302,
      0.0007761625660878645
    ],
    "top_mlp_layers": [
      0,
      6,
      3
    ],
    "top_attn_layers": [
      7,
      21,
      2
    ]
  },
  "deletion": {
    "single_best": {
      "target_layers": [
        0
      ],
      "pre_mean": [
        0.0001783066668866455,
        0.0001616705032123681,
        0.0001340196695203793,
        0.00016507812358014162,
        0.00025562895019524355,
        0.00020581464768060283,
        0.00020385970448776638,
        0.00046316550339383327,
        0.0004147883878713467,
        0.0005113788938675397,
        0.0003404803291956416,
        0.0005459352885112974,
        0.0004689633806442509,
        0.000709311034454797,
        0.0008041528500993698,
        0.0015745607409055576,
        0.0032679195796620954,
        0.0067653426599810764,
        0.006518243817132149,
        0.007710237171217675,
        0.009894685068192017,
        0.017415432709085073,
        0.009866739877609153,
        0.005305980936325354
      ],
      "post_mean": [
        6.493888533780739e-07,
        6.022663433431442e-05,
        8.929121641308566e-05,
        8.79231695038239e-05,
        0.00011536492033926373,
        0.00012491960629660656,
        9.358558115317613e-05,
        0.00019666211596593402,
        0.00013719087028347685,
        0.00010814639156793666,
        0.00010445571116156424,
        6.414244639916939e-05,
        8.416412496880747e-05,
        0.0001110771662435563,
        0.00017275025534742232,
        0.00015628382045788217,
        0.00018102771726695305,
        0.00023438491673062676,
        0.0003156659448178407,
        0.0004199248313478691,
        0.0007561753072278822,
        0.0011823670873049074,
        0.0006738905532124491,
        0.0005216026256538634
      ],
      "pre_final": 0.005305980936325353,
      "post_final": 0.0005216026256538632,
      "t_stat": 1.583669655017465,
      "p_value": 0.11645833214590046,
      "cohens_d": 0.2207837936103328,
      "geometry": {
        "0": {
          "mean_cosine": 0.11692962795495987,