{
  "mean_prob_per_layer": [
    2.589000958897539e-06,
    2.102295967102157e-06,
    2.9285281802743554e-06,
    1.8693207479557934e-05,
    2.7491148894207824e-05,
    6.646805661861607e-05,
    0.00015231450387199105,
    0.00010854166148485146,
    0.0005327655416556426,
    0.004818127826870653,
    0.004884427262705525,
    0.0017495888057227577
  ],
  "std_prob_per_layer": [
    1.754165014463316e-05,
    2.2174832550300468e-05,
    3.2111909785469506e-05,
    0.00024872825535125396,
    0.0003563012605438335,
    0.00088825444150939,
    0.0019758063667090543,
    0.001261066206350296,
    0.004775266216819899,
    0.05484564977621446,
    0.05080221379378764,
    0.015048062982895178
  ],
  "median_prob_per_layer": [
    7.737279617003878e-08,
    2.8626091719274882e-08,
    2.800847664907735e-09,
    7.772241183978679e-10,
    2.7051336726202635e-09,
    1.2200809806905966e-09,
    1.6749034381646766e-09,
    7.806988833181094e-09,
    7.583127903387776e-09,
    2.0752149332281533e-08,
    1.0718461673775437e-08,
    4.932191044471068e-10
  ],
  "mean_rank_per_layer": [
    412.515,
    404.085,
    336.94,
    379.215,
    429.53,
    438.115,
    445.235,
    469.385,
    495.92,
    523.31,
    646.965,
    858.335
  ],
  "n_facts": 200,
  "n_layers": 12
}