{
  "baseline_mean_prob": 0.0017495894358544577,
  "mean_impact_per_layer": [
    0.0016331854070262511,
    0.0005767200679050036,
    0.00016638659246313425,
    0.0002142949027596483,
    0.0003828154962820261,
    0.0007080882950845721,
    0.00035807032510475187,
    0.00027955229196091396,
    0.0007483351862714148,
    0.000349248234080951,
    -0.00034663135240154975,
    -0.00287587031411356
  ],
  "std_impact_per_layer": [
    0.014210166071025007,
    0.00977113537928994,
    0.0024845047575290475,
    0.0038257147169847355,
    0.004194719395588985,
    0.007809778306237439,
    0.005379057699875725,
    0.0026819931707224185,
    0.0076279879567842076,
    0.004058070911978709,
    0.007966719058019473,
    0.030835132522780286
  ],
  "mean_ablated_prob_per_layer": [
    0.00011640402882820795,
    0.0011728693679494535,
    0.0015832028433913241,
    0.0015352945330948096,
    0.0013667739395724326,
    0.0010415011407698853,
    0.0013915191107497062,
    0.0014700371438935446,
    0.0010012542495830426,
    0.0014003412017735064,
    0.0020962207882560084,
    0.004625459749968018
  ]
}