{
  "pca": {
    "layer_0": {
      "explained_variance_ratio": [
        0.7267417311668396,
        0.08515637367963791,
        0.04204356297850609,
        0.031950339674949646,
        0.018822597339749336,
        0.014652224257588387,
        0.012274987064301968,
        0.010673166252672672,
        0.006681912112981081,
        0.005429856479167938
      ],
      "cumulative_variance_50": 0.9940943121910095
    },
    "layer_3": {
      "explained_variance_ratio": [
        0.6421631574630737,
        0.11379580944776535,
        0.051813241094350815,
        0.04543055221438408,
        0.03047669678926468,
        0.02663602866232395,
        0.019584935158491135,
        0.006057003978639841,
        0.005675641354173422,
        0.005213464610278606
      ],
      "cumulative_variance_50": 0.9924933910369873
    },
    "layer_6": {
      "explained_variance_ratio": [
        0.7120484709739685,
        0.05388166755437851,
        0.05114685371518135,
        0.041511569172143936,
        0.032080426812171936,
        0.022537527605891228,
        0.012122043408453465,
        0.01011734176427126,
        0.009425182826817036,
        0.005318754352629185
      ],
      "cumulative_variance_50": 0.9909448027610779
    },
    "layer_9": {
      "explained_variance_ratio": [
        0.706479549407959,
        0.08005820214748383,
        0.06660723686218262,
        0.03492254391312599,
        0.022441046312451363,
        0.01840987056493759,
        0.015733063220977783,
        0.015222819522023201,
        0.012110959738492966,
        0.006573644001036882
      ],
      "cumulative_variance_50": 0.9967990517616272
    },
    "layer_11": {
      "explained_variance_ratio": [
        0.5976025462150574,
        0.2815248370170593,
        0.03140944987535477,
        0.024681195616722107,
        0.022602153941988945,
        0.009518290869891644,
        0.008084991946816444,
        0.005668435245752335,
        0.00471477210521698,
        0.0027879520785063505
      ],
      "cumulative_variance_50": 0.9985761642456055
    }
  },
  "cosine_similarity_matrix": [
    [
      1.0,
      0.9218051433563232,
      0.8598564267158508,
      0.7308245301246643,
      0.4418998062610626
    ],
    [
      0.9218051433563232,
      1.0,
      0.9004875421524048,
      0.7260596752166748,
      0.46448543667793274
    ],
    [
      0.8598564267158508,
      0.9004875421524048,
      1.0,
      0.9189766049385071,
      0.55572509765625
    ],
    [
      0.7308245301246643,
      0.7260596752166748,
      0.9189766049385071,
      1.0,
      0.6661306619644165
    ],
    [
      0.4418998062610626,
      0.46448543667793274,
      0.55572509765625,
      0.6661306619644165,
      1.0
    ]
  ],
  "key_layers": [
    0,
    3,
    6,
    9,
    11
  ],
  "norm_means": [
    70.97708129882812,
    68.2545394897461,
    76.25697326660156,
    78.91405487060547,
    96.84754180908203,
    103.36852264404297,
    118.02847290039062,
    148.5763702392578,
    171.7635955810547,
    223.75836181640625,
    321.07940673828125,
    636.97119140625
  ],
  "norm_stds": [
    4.16811990737915,
    3.6566760540008545,
    5.412845611572266,
    5.385521411895752,
    8.026487350463867,
    8.084141731262207,
    9.726666450500488,
    13.304366111755371,
    13.445367813110352,
    16.46038246154785,
    17.503536224365234,
    45.11842727661133
  ]
}