{
  "critical_layer": 9,
  "n_edit_facts": 50,
  "pre_mean_final_prob": 0.0017277609385153497,
  "post_mean_final_prob": 0.0016998682317237476,
  "prob_drop_per_layer": [
    -2.6432100357477815e-13,
    1.6466450937697476e-13,
    6.49165356208679e-14,
    -3.043812340304715e-12,
    3.2734027484047565e-12,
    2.36688904695255e-11,
    -1.622909239721443e-11,
    2.455400479836091e-12,
    -3.685257990698049e-12,
    0.00037740101401320886,
    0.0001979097872904889,
    2.789270679160209e-05
  ],
  "mean_cosine_similarity": 0.9897564649581909,
  "std_cosine_similarity": 0.0007666156743653119,
  "mean_l2_distance": 54.14640808105469,
  "t_stat": 0.3961962406729119,
  "p_value": 0.6936803299457193,
  "cohens_d": 0.0037347383701585896,
  "pca_variance_ratio": [
    0.6555951833724976,
    0.2014671415090561
  ]
}